contract_account;catv_package;add_on_product;package_price;ao_wholesale_price;ao_rrp_price
CAGBV0G3;CATV Joy Value;HBO Max;79000;45000;74000
CAFBAP7J;CATV Joy Value;News Pack;79000;15000;24000
CAEJUTEV;CATV Joy Value;HBO Max;79000;45000;74000
CA0CE1ZR;CATV Joy Value;Catchplay;79000;40000;70000
CAB7KCMY;CATV Joy Value;HBO Max;79000;45000;74000
CAH9OVRR;CATV Joy Value;News Pack;79000;15000;24000
CATBA42B;CATV Joy Value;Sport Pack;79000;35000;64000
CAUAXMY1;CATV Joy Value;Viu;79000;25000;44000
CAIRPMRQ;CATV Joy Value;News Pack;79000;15000;24000
CAFPE2HO;CATV Joy Value;HBO Max;79000;45000;74000
CANPNOO3;CATV Joy Value;News Pack;79000;15000;24000
CAVGK3IM;CATV Joy Value;Catchplay;79000;40000;70000
CAKBU286;CATV Joy Value;Catchplay;79000;40000;70000
CACS37MG;CATV Joy Value;Viu;79000;25000;44000
CAPQF2F4;CATV Joy Value;News Pack;79000;15000;24000
CADF9596;CATV Joy Value;Catchplay;79000;40000;70000
CAXCRWQ7;CATV Joy Value;Sport Pack;79000;35000;64000
CASTOXVZ;CATV Joy Value;HBO Max;79000;45000;74000
CAN2BKRU;CATV Joy Value;News Pack;79000;15000;24000
CANC1136;CATV Joy Value;HBO Max;79000;45000;74000
CAO4B943;CATV Joy Value;Catchplay;79000;40000;70000
CA7T3VLZ;CATV Joy Value;Sport Pack;79000;35000;64000
CAX8NGNH;CATV Joy Value;HBO Max;79000;45000;74000
CACYL8JW;CATV Joy Value;Viu;79000;25000;44000
CA8XNJXD;CATV Joy Value;Viu;79000;25000;44000
CAM49350;CATV Joy Value;News Pack;79000;15000;24000
CAEW5Z2M;CATV Joy Value;Catchplay;79000;40000;70000
CA74ZNBX;CATV Joy Value;News Pack;79000;15000;24000
CABXT9E2;CATV Joy Value;Sport Pack;79000;35000;64000
CAF8KPEG;CATV Joy Value;News Pack;79000;15000;24000
CAYEPRBN;CATV Joy Value;HBO Max;79000;45000;74000
CAW5CFI6;CATV Joy Value;HBO Max;79000;45000;74000
CAUNOK6K;CATV Joy Value;Sport Pack;79000;35000;64000
CA544ILF;CATV Joy Value;Catchplay;79000;40000;70000
CACUUZOI;CATV Joy Value;Viu;79000;25000;44000
CAMTEHCM;CATV Joy Value;Sport Pack;79000;35000;64000
CAFFYIBR;CATV Joy Value;Viu;79000;25000;44000
CATG9HGO;CATV Joy Value;Catchplay;79000;40000;70000
CAXDUSB2;CATV Joy Value;HBO Max;79000;45000;74000
CA7UTDVX;CATV Joy Value;Sport Pack;79000;35000;64000
CADAB14J;CATV Joy Value;Catchplay;79000;40000;70000
CATCXZ37;CATV Joy Value;Viu;79000;25000;44000
CACEEJL1;CATV Joy Value;Viu;79000;25000;44000
CAWVU1FK;CATV Joy Value;News Pack;79000;15000;24000
CA6T22J0;CATV Joy Value;HBO Max;79000;45000;74000
CAP3BW8C;CATV Joy Value;News Pack;79000;15000;24000
CA62ADZS;CATV Joy Value;Viu;79000;25000;44000
CAFS93MB;CATV Joy Value;News Pack;79000;15000;24000
CAPDLNKE;CATV Joy Value;Viu;79000;25000;44000
CAYRKUYE;CATV Joy Value;Catchplay;79000;40000;70000
CA5VCIKD;CATV Joy Value;HBO Max;79000;45000;74000
CA6M9B4Z;CATV Joy Value;Viu;79000;25000;44000
CA9GGXKB;CATV Joy Value;Sport Pack;79000;35000;64000
CAGBJH7Y;CATV Joy Value;Sport Pack;79000;35000;64000
CACJKCVD;CATV Joy Value;Catchplay;79000;40000;70000
CAAEG5BS;CATV Joy Value;News Pack;79000;15000;24000
CA6OH5WX;CATV Joy Value;Catchplay;79000;40000;70000
CAXZNV23;CATV Joy Value;Sport Pack;79000;35000;64000
CA3KNQU1;CATV Joy Value;HBO Max;79000;45000;74000
CAXMS0MP;CATV Joy Value;Catchplay;79000;40000;70000
CAEQMMSJ;CATV Joy Value;Sport Pack;79000;35000;64000
CA50RCS1;CATV Joy Value;Sport Pack;79000;35000;64000
CAUS2P7R;CATV Joy Value;Catchplay;79000;40000;70000
CA0VFYEF;CATV Joy Value;Sport Pack;79000;35000;64000
CAB91LWA;CATV Joy Value;Sport Pack;79000;35000;64000
CAAEYW8H;CATV Joy Value;Sport Pack;79000;35000;64000
CAH2SMDU;CATV Joy Value;News Pack;79000;15000;24000
CAZQ4WZQ;CATV Joy Value;News Pack;79000;15000;24000
CA97YMER;CATV Joy Value;Viu;79000;25000;44000
CAP9WQST;CATV Joy Value;Sport Pack;79000;35000;64000
CASM3UGH;CATV Joy Value;Catchplay;79000;40000;70000
CA0YL49W;CATV Joy Value;Viu;79000;25000;44000
CAHKF3R1;CATV Joy Value;Catchplay;79000;40000;70000
CABV0VA0;CATV Joy Value;News Pack;79000;15000;24000
CAAIR51J;CATV Joy Value;Catchplay;79000;40000;70000
CAS7Z5GH;CATV Joy Value;News Pack;79000;15000;24000
CAH1AUDY;CATV Joy Value;News Pack;79000;15000;24000
CAGFC918;CATV Joy Value;Catchplay;79000;40000;70000
CA6I9DYC;CATV Joy Value;HBO Max;79000;45000;74000
CAMJZ4FN;CATV Joy Value;Viu;79000;25000;44000
CAK43EEM;CATV Joy Value;HBO Max;79000;45000;74000
CAID96DL;CATV Joy Value;News Pack;79000;15000;24000
CA21RVXU;CATV Joy Value;Sport Pack;79000;35000;64000
CAJ6O1HH;CATV Joy Value;News Pack;79000;15000;24000
CAMM3T1A;CATV Joy Value;HBO Max;79000;45000;74000
CALM8WDI;CATV Joy Value;News Pack;79000;15000;24000
CAQ8GHRJ;CATV Joy Value;Sport Pack;79000;35000;64000
CAD8GGOU;CATV Joy Value;Viu;79000;25000;44000
CAJ35623;CATV Joy Value;News Pack;79000;15000;24000
CAA7LXVX;CATV Joy Value;Viu;79000;25000;44000
CA4MT0Q0;CATV Joy Value;Catchplay;79000;40000;70000
CAP2QTP9;CATV Joy Value;News Pack;79000;15000;24000
CALO3O6G;CATV Joy Value;HBO Max;79000;45000;74000
CAG355XE;CATV Joy Value;Viu;79000;25000;44000
CAZ0FYS4;CATV Joy Value;News Pack;79000;15000;24000
CATBMIQZ;CATV Joy Value;Sport Pack;79000;35000;64000
CAMXDGSM;CATV Joy Value;HBO Max;79000;45000;74000
CAOHY8PU;CATV Joy Value;Catchplay;79000;40000;70000
CAFKOP6K;CATV Joy Value;Viu;79000;25000;44000
CASZ5G2K;CATV Joy Value;Catchplay;79000;40000;70000
CA7PNE5A;CATV Joy Value;HBO Max;79000;45000;74000
CA8P52G8;CATV Joy Value;Viu;79000;25000;44000
CAMDEI1A;CATV Joy Value;Viu;79000;25000;44000
CAWMAVVF;CATV Joy Value;HBO Max;79000;45000;74000
CA8SU31L;CATV Joy Value;Catchplay;79000;40000;70000
CA1MW145;CATV Joy Value;Sport Pack;79000;35000;64000
CANK31JT;CATV Joy Value;HBO Max;79000;45000;74000
CAR77WGV;CATV Joy Value;News Pack;79000;15000;24000
CANIBJPD;CATV Joy Value;Catchplay;79000;40000;70000
CAZ49HFX;CATV Joy Value;Viu;79000;25000;44000
CAR1402O;CATV Joy Value;Viu;79000;25000;44000
CAJNYR4Y;CATV Joy Value;Viu;79000;25000;44000
CAUIPNM0;CATV Joy Value;Viu;79000;25000;44000
CAQD08CT;CATV Joy Value;News Pack;79000;15000;24000
CAUR9A6H;CATV Joy Value;Sport Pack;79000;35000;64000
CANQ55U8;CATV Joy Value;HBO Max;79000;45000;74000
CAJ1228E;CATV Joy Value;News Pack;79000;15000;24000
CAEWX6HE;CATV Joy Value;Sport Pack;79000;35000;64000
CACA5PJ7;CATV Joy Value;News Pack;79000;15000;24000
CAY9XLV5;CATV Joy Value;HBO Max;79000;45000;74000
CAWI3E3H;CATV Joy Value;Catchplay;79000;40000;70000
CAAQ1HIN;CATV Joy Value;News Pack;79000;15000;24000
CAF31GEF;CATV Joy Value;Sport Pack;79000;35000;64000
CAZ104SA;CATV Joy Value;Sport Pack;79000;35000;64000
CAMKFSKF;CATV Joy Value;Viu;79000;25000;44000
CANZF7MJ;CATV Joy Value;Catchplay;79000;40000;70000
CABRK7VI;CATV Joy Value;Catchplay;79000;40000;70000
CATB3CF0;CATV Joy Value;HBO Max;79000;45000;74000
CAZ65PH1;CATV Joy Pro;Catchplay;89000;40000;70000
CAPWRA10;CATV Joy Pro;Catchplay;89000;40000;70000
CAR6RVXS;CATV Joy Pro;Catchplay;89000;40000;70000
CA9E3Z45;CATV Joy Pro;News Pack;89000;15000;24000
CAYDC6TO;CATV Joy Pro;Sport Pack;89000;35000;64000
CAMZ3MN3;CATV Joy Pro;News Pack;89000;15000;24000
CAEGKWGS;CATV Joy Pro;Catchplay;89000;40000;70000
CA1TS0XQ;CATV Joy Pro;Viu;89000;25000;44000
CA9B6WCH;CATV Joy Pro;Catchplay;89000;40000;70000
CAZATO78;CATV Joy Pro;Catchplay;89000;40000;70000
CAU9KKYE;CATV Joy Pro;Viu;89000;25000;44000
CAF0Y1KK;CATV Joy Pro;Viu;89000;25000;44000
CABDYZSN;CATV Joy Pro;Viu;89000;25000;44000
CA4Q7LQV;CATV Joy Pro;Sport Pack;89000;35000;64000
CAKC86OO;CATV Joy Pro;Sport Pack;89000;35000;64000
CADBV5YV;CATV Joy Pro;Viu;89000;25000;44000
CAMW2KKX;CATV Joy Pro;Sport Pack;89000;35000;64000
CA23HXBD;CATV Joy Pro;Viu;89000;25000;44000
CA7QLXO3;CATV Joy Pro;News Pack;89000;15000;24000
CARIWF0X;CATV Joy Pro;HBO Max;89000;45000;74000
CAPIB3VY;CATV Joy Pro;Sport Pack;89000;35000;64000
CAKYC0A4;CATV Joy Pro;News Pack;89000;15000;24000
CA0I9HCJ;CATV Joy Pro;Catchplay;89000;40000;70000
CA0H19UV;CATV Joy Pro;News Pack;89000;15000;24000
CAXZMC51;CATV Joy Pro;Sport Pack;89000;35000;64000
CA0MZKYL;CATV Joy Pro;Catchplay;89000;40000;70000
CA9PANCR;CATV Joy Pro;Sport Pack;89000;35000;64000
CADGCZI2;CATV Joy Pro;Viu;89000;25000;44000
CAANVFLI;CATV Joy Pro;Viu;89000;25000;44000
CAHJUXP1;CATV Joy Pro;Sport Pack;89000;35000;64000
CAMA2Z4P;CATV Joy Pro;News Pack;89000;15000;24000
CAWQXW0S;CATV Joy Pro;Viu;89000;25000;44000
CAAU15VK;CATV Joy Pro;News Pack;89000;15000;24000
CA1S7GM9;CATV Joy Pro;HBO Max;89000;45000;74000
CAOURWKM;CATV Joy Pro;Viu;89000;25000;44000
CAMSJ4W1;CATV Joy Pro;Catchplay;89000;40000;70000
CAHO7KGA;CATV Joy Pro;HBO Max;89000;45000;74000
CARD4J6I;CATV Joy Pro;Sport Pack;89000;35000;64000
CA3OAU40;CATV Joy Pro;News Pack;89000;15000;24000
CA0YMEO0;CATV Joy Pro;News Pack;89000;15000;24000
CAV8LN8D;CATV Joy Pro;Catchplay;89000;40000;70000
CALHK9NY;CATV Joy Pro;Sport Pack;89000;35000;64000
CAEGG2LU;CATV Joy Pro;Viu;89000;25000;44000
CAEB6WGH;CATV Joy Pro;Sport Pack;89000;35000;64000
CAD431PI;CATV Joy Pro;Sport Pack;89000;35000;64000
CAP2ZRU8;CATV Joy Pro;Viu;89000;25000;44000
CA12HE14;CATV Joy Pro;HBO Max;89000;45000;74000
CATH6IG1;CATV Joy Pro;Catchplay;89000;40000;70000
CAKC3YM0;CATV Joy Pro;News Pack;89000;15000;24000
CA5U3ZRU;CATV Joy Pro;Catchplay;89000;40000;70000
CALA0OQM;CATV Joy Pro;HBO Max;89000;45000;74000
CADX9C9B;CATV Joy Pro;Sport Pack;89000;35000;64000
CAAVPI3I;CATV Joy Pro;Catchplay;89000;40000;70000
CA7IE66O;CATV Joy Pro;News Pack;89000;15000;24000
CAML7RPN;CATV Joy Pro;HBO Max;89000;45000;74000
CAGXY6HN;CATV Joy Pro;Sport Pack;89000;35000;64000
CAF3HIEC;CATV Joy Pro;Viu;89000;25000;44000
CAYWQ3WB;CATV Joy Pro;Catchplay;89000;40000;70000
CAOBXSZF;CATV Joy Pro;Catchplay;89000;40000;70000
CACBX479;CATV Joy Pro;News Pack;89000;15000;24000
CAB9A2IN;CATV Joy Pro;Viu;89000;25000;44000
CA3Z6VA9;CATV Joy Pro;Sport Pack;89000;35000;64000
CA7RR0J4;CATV Joy Pro;News Pack;89000;15000;24000
CAMT9MRD;CATV Joy Pro;News Pack;89000;15000;24000
CAOC2NJN;CATV Joy Pro;Sport Pack;89000;35000;64000
CAY75EHA;CATV Joy Pro;News Pack;89000;15000;24000
CAI2T0TD;CATV Joy Pro;News Pack;89000;15000;24000
CALCODQZ;CATV Joy Pro;HBO Max;89000;45000;74000
CAN8V2BZ;CATV Joy Pro;News Pack;89000;15000;24000
CAL2SWKO;CATV Joy Pro;HBO Max;89000;45000;74000
CAWEKVCD;CATV Joy Pro;News Pack;89000;15000;24000
CACBFO17;CATV Joy Pro;HBO Max;89000;45000;74000
CA3OU2PM;CATV Joy Pro;News Pack;89000;15000;24000
CAVUR4RK;CATV Joy Pro;News Pack;89000;15000;24000
CAB4P20W;CATV Joy Pro;News Pack;89000;15000;24000
CAEDUC8N;CATV Joy Pro;Sport Pack;89000;35000;64000
CAPOCYO4;CATV Joy Pro;News Pack;89000;15000;24000
CARMKAYZ;CATV Joy Pro;News Pack;89000;15000;24000
CAJ8FKVH;CATV Joy Pro;News Pack;89000;15000;24000
CA2J30E2;CATV Joy Pro;News Pack;89000;15000;24000
CATI4SJS;CATV Joy Pro;Viu;89000;25000;44000
CATCHNGV;CATV Joy Pro;Viu;89000;25000;44000
CARWZLI8;CATV Joy Pro;HBO Max;89000;45000;74000
CAZ6JDXJ;CATV Joy Pro;Catchplay;89000;40000;70000
CAQXOKF7;CATV Joy Pro;Sport Pack;89000;35000;64000
CA3PFUWN;CATV Joy Pro;Sport Pack;89000;35000;64000
CAWD6GYM;CATV Joy Pro;HBO Max;89000;45000;74000
CAOMKXU6;CATV Joy Pro;Catchplay;89000;40000;70000
CAF1YG3M;CATV Joy Pro;Catchplay;89000;40000;70000
CAAZBAT4;CATV Joy Pro;Viu;89000;25000;44000
CAG7M1HY;CATV Joy Pro;Viu;89000;25000;44000
CA8931Z8;CATV Joy Pro;Catchplay;89000;40000;70000
CAJ8W3L7;CATV Joy Pro;Catchplay;89000;40000;70000
CAGG7QDN;CATV Joy Pro;HBO Max;89000;45000;74000
CA2HYSUD;CATV Joy Pro;Catchplay;89000;40000;70000
CAMLZQRZ;CATV Joy Pro;Catchplay;89000;40000;70000
CAEN7LJO;CATV Joy Pro;Viu;89000;25000;44000
CA3QSKU4;CATV Joy Pro;Sport Pack;89000;35000;64000
CA1S0QCD;CATV Joy Pro;Sport Pack;89000;35000;64000
CAZJQIPU;CATV Joy Pro;News Pack;89000;15000;24000
CATT2DWW;CATV Joy Pro;Viu;89000;25000;44000
CATMR5NS;CATV Joy Pro;Catchplay;89000;40000;70000
CA6LCAON;CATV Joy Pro;Viu;89000;25000;44000
CAD36BDU;CATV Joy Pro;News Pack;89000;15000;24000
CAET7EEE;CATV Joy Pro;Catchplay;89000;40000;70000
CAKT22CM;CATV Joy Pro;HBO Max;89000;45000;74000
CAK6N8ZR;CATV Joy Pro;Catchplay;89000;40000;70000
CAB07NVS;CATV Joy Pro;Sport Pack;89000;35000;64000
CAEGZED3;CATV Joy Pro;News Pack;89000;15000;24000
CAWTFVG8;CATV Joy Pro;Sport Pack;89000;35000;64000
CAH2VNM3;CATV Joy Pro;News Pack;89000;15000;24000
CA4NZDG9;CATV Joy Pro;Viu;89000;25000;44000
CA91YTQ7;CATV Joy Pro;News Pack;89000;15000;24000
CAVN2A46;CATV Joy Pro;Sport Pack;89000;35000;64000
CAU2QVOV;CATV Joy Pro;Sport Pack;89000;35000;64000
CAXAIUAL;CATV Joy Pro;News Pack;89000;15000;24000
CAJCSK4I;CATV Joy Pro;News Pack;89000;15000;24000
CASDP918;CATV Joy Pro;News Pack;89000;15000;24000
CAKGHMOX;CATV Joy Pro;News Pack;89000;15000;24000
CA4TVZNN;CATV Joy Pro;Viu;89000;25000;44000
CA0NXBFC;CATV Joy Pro;Catchplay;89000;40000;70000
CA81NXEI;CATV Joy Pro;News Pack;89000;15000;24000
CA2LEKBM;CATV Joy Pro;News Pack;89000;15000;24000
CA1S4KYV;CATV Joy Pro;Catchplay;89000;40000;70000
CAQ6VKJY;CATV Joy Pro;Viu;89000;25000;44000
CACAR5EX;CATV Joy Pro;Sport Pack;89000;35000;64000
CARE4SS1;CATV Joy Pro;Catchplay;89000;40000;70000
CAWTFG1T;CATV Joy Pro;Viu;89000;25000;44000
CAKZKFHE;CATV Joy Pro;Catchplay;89000;40000;70000
CAQSXFZ9;CATV Joy Pro;Sport Pack;89000;35000;64000
CAZVXIZE;CATV Joy Pro;Catchplay;89000;40000;70000
CATKIUCF;CATV Joy Pro;Catchplay;89000;40000;70000
CA2MGM9L;CATV Joy Pro;News Pack;89000;15000;24000
CAMBYU2E;CATV Joy Pro;Sport Pack;89000;35000;64000
CAFPSK8K;CATV Joy Pro;Viu;89000;25000;44000
CAS3SWFN;CATV Joy Pro;Viu;89000;25000;44000
CAKTO38U;CATV Joy Pro;Viu;89000;25000;44000
CAPGUH5G;CATV Joy Pro;Catchplay;89000;40000;70000
CA1ZKIFF;CATV Joy Pro;Viu;89000;25000;44000
CAC27WGI;CATV Joy Pro;Sport Pack;89000;35000;64000
CACKR1AF;CATV Joy Pro;Sport Pack;89000;35000;64000
CAD2IQSW;CATV Joy Pro;HBO Max;89000;45000;74000
CARU1F05;CATV Joy Pro;Viu;89000;25000;44000
CAFJMWZ7;CATV Joy Pro;Catchplay;89000;40000;70000
CAF9HD2S;CATV Joy Pro;Viu;89000;25000;44000
CAAF6YDT;CATV Joy Pro;News Pack;89000;15000;24000
CA5R60DB;CATV Joy Pro;Catchplay;89000;40000;70000
CAQ0OYP8;CATV Joy Pro;Catchplay;89000;40000;70000
CAX0CS44;CATV Joy Pro;HBO Max;89000;45000;74000
CA337B7J;CATV Joy Pro;Catchplay;89000;40000;70000
CAQY0R2I;CATV Joy Pro;Catchplay;89000;40000;70000
CAIX7ATD;CATV Joy Pro;Sport Pack;89000;35000;64000
CAPKPX46;CATV Joy Pro;HBO Max;89000;45000;74000
CAT2PWY5;CATV Joy Pro;Sport Pack;89000;35000;64000
CASZCX3U;CATV Joy Pro;Sport Pack;89000;35000;64000
CAK8ZYBS;CATV Joy Pro;HBO Max;89000;45000;74000
CAM5IAHJ;CATV Joy Pro;HBO Max;89000;45000;74000
CAAV4KZR;CATV Joy Pro;Catchplay;89000;40000;70000
CAWZEYC6;CATV Joy Pro;Catchplay;89000;40000;70000
CAGQCURG;CATV Joy Pro;News Pack;89000;15000;24000
CA31J0Q1;CATV Joy Pro;Catchplay;89000;40000;70000
CAKPLCT6;CATV Joy Pro;HBO Max;89000;45000;74000
CA3CWO12;CATV Joy Pro;News Pack;89000;15000;24000
CABATFFL;CATV Joy Pro;Viu;89000;25000;44000
CANO2VSD;CATV Joy Pro;Sport Pack;89000;35000;64000
CAO1S57D;CATV Joy Pro;Catchplay;89000;40000;70000
CAGTS0XI;CATV Joy Pro;HBO Max;89000;45000;74000
CAXHYQY0;CATV Joy Pro;News Pack;89000;15000;24000
CAIKDJ68;CATV Joy Pro;Viu;89000;25000;44000
CA9TLXG6;CATV Joy Pro;Viu;89000;25000;44000
CAZM1TB0;CATV Joy Pro;HBO Max;89000;45000;74000
CA05VJWQ;CATV Joy Pro;Viu;89000;25000;44000
CAA7GT33;CATV Joy Pro;Sport Pack;89000;35000;64000
CA21OC6K;CATV Joy Pro;Viu;89000;25000;44000
CA73VMDH;CATV Joy Pro;News Pack;89000;15000;24000
CAJWUXWM;CATV Joy Pro;HBO Max;89000;45000;74000
CAN3MR9T;CATV Joy Pro;Sport Pack;89000;35000;64000
CA53FEGG;CATV Joy Pro;Catchplay;89000;40000;70000
CAWUOP6L;CATV Joy Pro;HBO Max;89000;45000;74000
CAHDISTH;CATV Joy Pro;Viu;89000;25000;44000
CAE64KLS;CATV Joy Pro;Sport Pack;89000;35000;64000
CACYTLG9;CATV Joy Pro;News Pack;89000;15000;24000
CAC1CLW3;CATV Joy Pro;HBO Max;89000;45000;74000
CA7TS77C;CATV Joy Pro;Catchplay;89000;40000;70000
CA330ENI;CATV Joy Pro;HBO Max;89000;45000;74000
CA8IZ0MK;CATV Joy Pro;HBO Max;89000;45000;74000
CAWLN258;CATV Joy Premium;Catchplay;99000;40000;70000
CAL9CKI0;CATV Joy Premium;News Pack;99000;15000;24000
CAHTN4FA;CATV Joy Premium;News Pack;99000;15000;24000
CAI6IVCM;CATV Joy Premium;Catchplay;99000;40000;70000
CA6ET3BM;CATV Joy Premium;HBO Max;99000;45000;74000
CAV5LAMH;CATV Joy Premium;HBO Max;99000;45000;74000
CASTW9B1;CATV Joy Premium;HBO Max;99000;45000;74000
CA4229HB;CATV Joy Premium;Sport Pack;99000;35000;64000
CADUEH6G;CATV Joy Premium;News Pack;99000;15000;24000
CA1ZNGUX;CATV Joy Premium;Catchplay;99000;40000;70000
CAFCGYTN;CATV Joy Premium;News Pack;99000;15000;24000
CAPIUQH7;CATV Joy Premium;HBO Max;99000;45000;74000
CAD4SP9Q;CATV Joy Premium;Viu;99000;25000;44000
CAT2PZ1Y;CATV Joy Premium;Catchplay;99000;40000;70000
CAWCF0SW;CATV Joy Premium;News Pack;99000;15000;24000
CA6A2PZ1;CATV Joy Premium;HBO Max;99000;45000;74000
CAFV8UXP;CATV Joy Premium;HBO Max;99000;45000;74000
CA0UTIK4;CATV Joy Premium;HBO Max;99000;45000;74000
CA44A1X8;CATV Joy Premium;Sport Pack;99000;35000;64000
CA4YHU99;CATV Joy Premium;Catchplay;99000;40000;70000
CAUK5PSX;CATV Joy Premium;Sport Pack;99000;35000;64000
CAKLBXF3;CATV Joy Premium;News Pack;99000;15000;24000
CAI379GQ;CATV Joy Premium;Sport Pack;99000;35000;64000
CAG6TO30;CATV Joy Premium;Viu;99000;25000;44000
CA6Z8PJZ;CATV Joy Premium;News Pack;99000;15000;24000
CAW0IAFG;CATV Joy Premium;HBO Max;99000;45000;74000
CAE4GXSQ;CATV Joy Premium;Viu;99000;25000;44000
CAQJQ4WB;CATV Joy Premium;News Pack;99000;15000;24000
CAGBPZ7Z;CATV Joy Premium;Sport Pack;99000;35000;64000
CAMGLZAD;CATV Joy Premium;Viu;99000;25000;44000
CAZYMYP5;CATV Joy Premium;HBO Max;99000;45000;74000
CA6X4MOX;CATV Joy Premium;Catchplay;99000;40000;70000
CA55RDFP;CATV Joy Premium;Viu;99000;25000;44000
CADOH17J;CATV Joy Premium;News Pack;99000;15000;24000
CAVBENBI;CATV Joy Premium;Sport Pack;99000;35000;64000
CAX3KF7D;CATV Joy Premium;Viu;99000;25000;44000
CAHAPIMH;CATV Joy Premium;Viu;99000;25000;44000
CAFX4T05;CATV Joy Premium;Sport Pack;99000;35000;64000
CAV66EYE;CATV Joy Premium;Viu;99000;25000;44000
CA3M0UPH;CATV Joy Premium;HBO Max;99000;45000;74000
CAIZ8CXP;CATV Joy Premium;Catchplay;99000;40000;70000
CASERTNB;CATV Joy Premium;Catchplay;99000;40000;70000
CACBD04H;CATV Joy Premium;News Pack;99000;15000;24000
CA4BYAPO;CATV Joy Premium;Sport Pack;99000;35000;64000
CAA6TNZL;CATV Joy Premium;Viu;99000;25000;44000
CAN1474R;CATV Joy Premium;Catchplay;99000;40000;70000
CAZVYMTJ;CATV Joy Premium;News Pack;99000;15000;24000
CAHYJOU2;CATV Joy Premium;Catchplay;99000;40000;70000
CAV41LAX;CATV Joy Premium;Sport Pack;99000;35000;64000
CAVZUO6U;CATV Joy Premium;Sport Pack;99000;35000;64000
CAJRBGV1;CATV Joy Premium;Catchplay;99000;40000;70000
CAGUBVBY;CATV Joy Premium;News Pack;99000;15000;24000
CAGK7WHW;CATV Joy Premium;HBO Max;99000;45000;74000
CAWJNQ1H;CATV Joy Premium;Catchplay;99000;40000;70000
CAOBFCVC;CATV Joy Premium;Viu;99000;25000;44000
CACQDIE4;CATV Joy Premium;News Pack;99000;15000;24000
CAISU53Q;CATV Joy Premium;Catchplay;99000;40000;70000
CA2XPBFW;CATV Joy Premium;Viu;99000;25000;44000
CA8HBBK1;CATV Joy Premium;News Pack;99000;15000;24000
CAGFXQEC;CATV Joy Premium;Sport Pack;99000;35000;64000
CA4HLAVD;CATV Joy Premium;Sport Pack;99000;35000;64000
CAI8D7FS;CATV Joy Premium;News Pack;99000;15000;24000
CAKG076A;CATV Joy Premium;News Pack;99000;15000;24000
CADMSZVT;CATV Joy Premium;News Pack;99000;15000;24000
CAK1CU80;CATV Joy Premium;Catchplay;99000;40000;70000
CACG79TJ;CATV Joy Premium;HBO Max;99000;45000;74000
CA8VF9AT;CATV Joy Premium;Viu;99000;25000;44000
CAEFBPYH;CATV Joy Premium;Catchplay;99000;40000;70000
CAHFCMLF;CATV Joy Premium;Catchplay;99000;40000;70000
CA1MTO8I;CATV Joy Premium;Catchplay;99000;40000;70000
CAHZSF7V;CATV Joy Premium;Viu;99000;25000;44000
CA0UC9JI;CATV Joy Premium;Viu;99000;25000;44000
CASA1L5A;CATV Joy Premium;Viu;99000;25000;44000
CADNDBEY;CATV Joy Premium;Sport Pack;99000;35000;64000
CADKYP2M;CATV Joy Premium;Catchplay;99000;40000;70000
CA3HB9QO;CATV Joy Premium;Catchplay;99000;40000;70000
CAOQ0QYL;CATV Joy Premium;Catchplay;99000;40000;70000
CA5K4873;CATV Joy Premium;News Pack;99000;15000;24000
CAP6N5O8;CATV Joy Premium;Sport Pack;99000;35000;64000
CAJFI08H;CATV Joy Premium;HBO Max;99000;45000;74000
CAKQRL72;CATV Joy Premium;Sport Pack;99000;35000;64000
CAXPAJQO;CATV Joy Premium;HBO Max;99000;45000;74000
CAQY68JY;CATV Joy Premium;Sport Pack;99000;35000;64000
CAWTEVEO;CATV Joy Premium;Catchplay;99000;40000;70000
CA78D3HL;CATV Joy Premium;HBO Max;99000;45000;74000
CAHB1Q83;CATV Joy Premium;Viu;99000;25000;44000
CALQK8QI;CATV Joy Premium;Catchplay;99000;40000;70000
CAZ9KLXB;CATV Joy Premium;News Pack;99000;15000;24000
CA0S657O;CATV Joy Premium;HBO Max;99000;45000;74000
CAM7XZDY;CATV Joy Premium;News Pack;99000;15000;24000
CAUJ9UYB;CATV Joy Premium;Viu;99000;25000;44000
CAUUYAG2;CATV Joy Premium;News Pack;99000;15000;24000
CAVK8MOW;CATV Joy Premium;HBO Max;99000;45000;74000
CAOWFK95;CATV Joy Premium;News Pack;99000;15000;24000
CAYVB153;CATV Joy Premium;Sport Pack;99000;35000;64000
CAK5KOVV;CATV Joy Premium;Viu;99000;25000;44000
CAYCZ4BV;CATV Joy Premium;Sport Pack;99000;35000;64000
CALBBF0L;CATV Joy Premium;Catchplay;99000;40000;70000
CAX955Q3;CATV Joy Premium;Catchplay;99000;40000;70000
CAM2Y8RM;CATV Joy Premium;Sport Pack;99000;35000;64000
CAOXKJRD;CATV Joy Premium;Catchplay;99000;40000;70000
CAPDVWUV;CATV Joy Premium;HBO Max;99000;45000;74000
CAL0A7L7;CATV Joy Premium;News Pack;99000;15000;24000
CAXWBJQ1;CATV Joy Premium;Catchplay;99000;40000;70000
CA36CWXU;CATV Joy Premium;Catchplay;99000;40000;70000
CAPEUXPK;CATV Joy Premium;HBO Max;99000;45000;74000
CAZ7PGYS;CATV Joy Premium;Sport Pack;99000;35000;64000
CADAQM4H;CATV Joy Premium;Catchplay;99000;40000;70000
CAZIIDP2;CATV Joy Premium;News Pack;99000;15000;24000
CAIQMLUJ;CATV Joy Premium;HBO Max;99000;45000;74000
CA5YJV8I;CATV Joy Premium;HBO Max;99000;45000;74000
